Label,Value,Area (micro m^2),Center_X,Center_Y,Center_Z
559,0.1,39.2123,-0.879382,-25.6196,12.3283
652,0.1,28.1844,-13.0822,-27.051,11.2978
687,0.1,28.5177,-9.75763,-18.8557,13.5321
734,0.1,25.8719,-2.83429,-21.6465,13.5189


Area HeatMap results for mesh 1
Signal range: 14.7418-58.0935 micro m^2
