Label,Value,Area (micro m^2),Center_X,Center_Y,Center_Z
180,0.95,31.3197,3.0024,8.87946,12.8275
262,0.95,21.6513,14.2113,8.43512,12.0901
264,0.1,33.2032,13.5156,12.632,11.3148
313,0.95,31.1835,5.88365,3.21898,13.4115
341,0.95,31.4811,17.1298,4.31241,12.0373


Area HeatMap results for mesh 1
Signal range: 13.169-60.1356 micro m^2
