,F1,Acc,precision,Auc
test mean,58.93339941037267,67.05067282422355,75.67292302691969,0.7328103780277694
test std,15.205667450771035,9.44597882429149,14.346299587642521,0.10406798236807506
