,F1,Acc,precision,Auc
test mean,59.265036637989674,69.72536581775712,91.12869627908707,0.8683829589626691
test std,15.647928017571962,6.994936765521801,14.289315317215795,0.06631856819474828
