,F1,Acc,precision,Auc
test mean,64.86438319097716,66.74547144326559,70.26161163062245,0.7443831783431879
test std,5.919937801767387,2.4678762316797873,7.275207000614413,0.03435272318069028
