,F1,Acc,precision,Auc
test mean,58.2304369476591,66.37555205127669,75.45381355257236,0.7359053198545953
test std,13.71285418111217,8.718567992759949,14.327943279585202,0.10210410789109987
