,F1,c0 F1,c1 F1,c2 F1,Acc,precision,c0 precision,c1 precision,c2 precision,Auc
test mean,48.40252431332332,50.2783220207955,48.05837681046526,46.8708741087092,48.85492649134722,49.179282481340174,49.183197123927215,51.38413057614022,46.97051974395306,0.6741473397910515
test std,6.643126577708563,9.622227514711783,10.00143108417174,5.713430511306477,6.701806055955852,6.999213652180242,7.123294035240012,9.922984192863588,6.044822038169685,0.06566649705773644
