,F1,Acc,precision,Auc
test mean,63.407040039960094,72.62155081330778,69.91920371249611,0.8666658512820333
test std,27.917143363083564,11.449415728723709,27.188279594785186,0.05432313563427296
