,F1,Acc,precision,Auc
test mean,68.05940883512197,68.88193785792143,69.15050475856023,0.7583362861066701
test std,6.353951952582302,3.960399122501573,1.2976924857376677,0.01932585390619417
