,F1,c0 F1,c1 F1,c2 F1,Acc,precision,c0 precision,c1 precision,c2 precision,Auc
test mean,46.93836197111026,51.14612577106391,42.90854854312582,46.76041159914106,47.8905411324435,47.874724495182136,49.357032330294565,46.6110069147869,47.65613424046495,0.6554116282327577
test std,9.335666810528647,6.891458494101523,18.195715807143014,5.9339987849798845,8.056036681350045,9.285334144215716,9.05215899034849,17.00060720358496,3.8561557565856046,0.09522185608429502
