,F1,Acc,precision,Auc
test mean,66.88538393675653,73.83526985355546,85.81528766482359,0.8882701399273158
test std,20.629505006029348,10.10609060751702,12.80767067702134,0.05528250181191631
