,F1,c0 F1,c1 F1,c2 F1,Acc,precision,c0 precision,c1 precision,c2 precision,Auc
test mean,26.99436948262444,51.95736943695459,0.0,29.02573901091872,38.89073821329698,42.400654024208805,35.27590924715452,0.0,91.92605282547188,0.6468581947206692
test std,4.593240947718929,1.0541199931187395,0.0,12.850850649073848,2.583886843022856,2.7357050646035592,0.9508043620953565,0.0,8.287997383585124,0.019086141422505237
