,F1,c0 F1,c1 F1,c2 F1,Acc,precision,c0 precision,c1 precision,c2 precision,Auc
test tissue 0,18.00504359979337,50.24154589371974,0.0,3.773584905660379,33.974358974358964,44.51612903225805,33.548387096774135,0.0,100.0,0.6173469387755103
test tissue 1,29.852180718960984,53.12227513582386,0.0,36.43426702105909,40.833333333333336,43.95707704081383,36.16768654671647,0.0,95.70354457572503,0.6532898919262555
test tissue 2,29.76827094474153,52.941176470588225,0.0,36.36363636363637,40.74074074074074,45.333333333333336,35.99999999999999,0.0,100.0,0.6689750692520775
test tissue 3,27.411642353651985,51.43010634531101,0.0,30.804820715644944,38.620780590717295,38.86183303702314,35.007695862185976,0.0,81.57780324888344,0.6618223455322148
test tissue 4,29.934709795974328,52.051743339330145,0.0,37.75238604859283,40.28447742733457,39.334897677615665,35.65577673009602,0.0,82.34891630275098,0.6328567281172883
test mean,26.99436948262444,51.95736943695459,0.0,29.02573901091872,38.89073821329698,42.400654024208805,35.27590924715452,0.0,91.92605282547188,0.6468581947206692
test std,4.593240947718929,1.0541199931187395,0.0,12.850850649073848,2.583886843022856,2.7357050646035592,0.9508043620953565,0.0,8.287997383585124,0.019086141422505237
