,F1,Acc,precision,Auc
test mean,71.11313012331036,76.44694610300262,85.58488919485046,0.8919738472874531
test std,20.988607053652064,12.08152312331465,12.713927764923215,0.08205133049640743
