,F1,c0 F1,c1 F1,c2 F1,Acc,precision,c0 precision,c1 precision,c2 precision,Auc
test mean,50.75513438502796,37.49029657242448,39.6438242967905,75.1312822858689,52.83606598608625,51.43887422344474,41.87240544241255,42.12461183782961,70.31960539009205,0.7342202850361096
test std,3.408848750119724,9.39205718514855,11.248988041098974,4.316568455956784,3.24448663143488,3.3936153449325683,6.232733385912401,4.225199608250479,7.537668082566144,0.02817222087704827
