,F1,Acc,precision,Auc
test mean,72.8323457249619,77.38638492677772,90.00966446213937,0.8892386413629779
test std,10.156118068319538,7.278345669690699,11.068266656832092,0.07661298494777809
