,F1,Acc,precision,Auc
test mean,71.64633685375736,71.32314699972562,72.24718485443299,0.8216511038336363
test std,8.211888492889871,6.087946399073183,8.602333717382612,0.024497459544987985
