,F1,Acc,precision,Auc
test mean,55.75354865888285,69.87186243707983,98.7987987987988,0.928997458526444
test std,14.000846333688356,6.969091872371797,3.3975100597551826,0.026550158407249738
