,F1,Acc,precision,Auc
test mean,60.36364174817369,70.28606055779969,90.55303008227216,0.8824847616151964
test std,15.54192696015914,6.491450793426814,14.15056776052936,0.07455926317959849
