,F1,Acc,precision,Auc
test mean,56.24009472928719,61.66702650432825,68.81029149956962,0.7356477978174852
test std,14.335683091630905,5.406279914239913,12.139483993420427,0.057083948800049675
