,F1,c0 F1,c1 F1,c2 F1,Acc,precision,c0 precision,c1 precision,c2 precision,Auc
test mean,43.75626753334112,0.835450202375797,56.59702735579863,73.83632504184895,52.96593028020611,45.823238048232064,21.745128413354895,42.977528185775,72.74705754556629,0.7189305789958209
test std,1.2087103724371073,0.8119427020743575,1.6383414788339086,2.2168069676419977,1.3111245820129511,11.240546070250552,31.288446150136313,1.3901246707703028,5.6906927476817994,0.014557846074807737
