,group1,group2,WT vs ktn1-2 p-values,WT vs ktn1-2 T-stat
WT vs ktn1-2 allTopos,WT allTopos,WT allTopos,0.06971898279378666,3.021725667182877
WT vs ktn1-2 area,WT area,WT area,0.32241525962878387,1.5021585450671908
WT vs ktn1-2 topoAndBio,WT topoAndBio,WT topoAndBio,0.32241525962878387,1.658143911225183
WT vs ktn1-2 lowCor0.7,WT lowCor0.7,WT lowCor0.7,0.328327482771333,1.3039271362357991
WT vs ktn1-2 lowCor0.3,WT lowCor0.3,WT lowCor0.3,0.5351081303687629,0.790536804476099
WT vs ktn1-2 topology,WT topology,WT topology,0.9055463918378883,0.12142212098362655
