,F1,Acc,precision,Auc
test mean,69.34914233320384,76.89390138846662,98.70235198702352,0.8784400583313627
test std,10.739363023023609,6.48752851085565,3.6703028382756693,0.04902638865156301
