Label,Value,Area (micro m^2),Center_X,Center_Y,Center_Z
6,0.1,18.6933,-3.4401599999999997,10.9771,12.2855
13,0.95,26.6819,-4.24774,14.9318,11.433
350,0.95,28.9505,-14.5541,10.4679,10.8719
381,0.1,23.5118,-11.9375,6.7687100000000004,11.9649
417,0.95,18.5591,-7.87373,4.05879,12.9485
431,0.95,22.6308,-4.43264,4.99808,13.0904


Area HeatMap results for mesh 1
Signal range: 13.169-60.1356 micro m^2
