Label,Value,Area (micro m^2),Center_X,Center_Y,Center_Z
130,0.1,29.4932,1.7498599999999997,-38.6612,5.18255
412,0.1,43.5653,-5.64685,-40.032,4.76501


Area HeatMap results for mesh 1
Signal range: 13.169-60.1356 micro m^2
