,F1,c0 F1,c1 F1,c2 F1,Acc,precision,c0 precision,c1 precision,c2 precision,Auc
test mean,49.882353058825416,49.71222582855883,51.834347831220306,48.100485516697105,50.03997730628307,50.324076195581256,50.96424223073235,54.41415821709671,45.59382813891471,0.6747592331454274
test std,6.8299531824836635,10.130809532288396,10.181044445096841,3.809102550582245,6.737657201637206,6.838979512176258,8.432425404685395,10.291587756447862,3.709662455749545,0.0749504077498655
