,F1,c0 F1,c1 F1,c2 F1,Acc,precision,c0 precision,c1 precision,c2 precision,Auc
test tissue 0,52.926593426737874,47.253025318905145,58.48559174197611,53.04116321933239,53.170973170973156,54.02652734681872,47.363709605227875,52.37133259730802,62.34453983792025,0.6761115160349855
test tissue 1,47.4322120630952,42.88634486866512,44.845935649974194,54.56435567064628,47.42801850278486,47.59186393119404,41.079193284865894,47.56084009334373,54.1355584153725,0.6260636216929922
test tissue 2,47.05614199352009,53.42876690700486,32.290681365993656,55.44897770756177,49.097714736012605,49.72983738673838,48.154824020491375,52.05594699758124,48.97874114214253,0.6466165413533835
test tissue 3,47.780663720967794,47.12435350352087,42.903283403722774,53.31435425565974,48.20654662610799,48.43682389246403,46.35781629177818,50.654766625895995,48.29788875971793,0.6453736733165985
test tissue 4,39.74886840221609,35.07369047872226,41.26813984168866,42.90477488623734,39.77936042452171,39.73084917211016,35.618331821519604,40.621702783864926,42.95251291094595,0.588147771810132
test mean,46.98889592130741,45.15323621536365,43.958726400671075,51.85472514788751,47.53652269208006,47.90318034586507,43.71477500477659,48.652917819598784,51.341848213219826,0.6364626248416184
test std,4.207189028973418,6.058297855109168,8.441723139014957,4.558519741061403,4.354735915612627,4.647596036607672,4.743692853614183,4.361368211901856,6.543622096053265,0.02897242712737086
