,F1,c0 F1,c1 F1,c2 F1,Acc,precision,c0 precision,c1 precision,c2 precision,Auc
test mean,46.98889592130741,45.15323621536365,43.958726400671075,51.85472514788751,47.53652269208006,47.90318034586507,43.71477500477659,48.652917819598784,51.341848213219826,0.6364626248416184
test std,4.207189028973418,6.058297855109168,8.441723139014957,4.558519741061403,4.354735915612627,4.647596036607672,4.743692853614183,4.361368211901856,6.543622096053265,0.02897242712737086
