,F1,Acc,precision,Auc
test mean,65.15974379856385,72.77241176697697,91.64923947988474,0.9027571730470281
test std,12.612981592727435,6.4369032742075944,13.366254603252335,0.050342986252910386
