,F1,c0 F1,c1 F1,c2 F1,Acc,precision,c0 precision,c1 precision,c2 precision,Auc
test tissue 0,39.242465001102865,43.944878565347736,53.56280975196297,20.21970668599789,42.723987723987705,42.04159544396933,41.15321294771913,44.366870136708435,40.60470324748041,0.6274729279466889
test tissue 1,36.841923661182385,38.21855478514692,40.12299385030751,32.18422234809273,37.297153780798645,37.976693293899835,36.43401149635566,35.91086051819039,41.585207867153464,0.5568793095016871
test tissue 2,48.27316233984487,51.265514592102804,45.205037132709066,48.34893529472275,48.37509850275807,48.672122087291484,47.2691716720212,45.74166848181224,53.005526108041025,0.6352818135564475
test tissue 3,44.16579609323205,46.02430372886829,41.741179340639114,44.731905210188756,44.162639420403615,44.63237921698455,43.42205819560447,40.53330251773103,49.94177693761816,0.5943027847506643
test tissue 4,33.443918908646545,38.13729075358728,39.450803225521504,22.743662746830857,34.972968659604604,35.54472835502647,35.05197046311906,34.110201854882696,37.47201274707765,0.5413521556103934
test mean,40.393453200801744,43.51810848501061,44.016564660228035,33.6456864571666,41.50636961751053,41.77350367943434,40.66608495496391,40.13258070186496,44.521845381474144,0.5910577982731762
test std,5.264115306458727,4.970390680148872,5.171589922885185,11.31668417653883,4.8191415346472,4.670104701530684,4.491373145576523,4.55288082428514,5.916358327637608,0.037232177323857654
