Label,Value,Area (micro m^2),Center_X,Center_Y,Center_Z
384,0.1,24.2343,-11.3267,24.4938,7.626239999999999
419,0.1,34.8903,-6.9217,27.7138,6.62948


Area HeatMap results for mesh 1
Signal range: 13.169-60.1356 micro m^2
