,F1,c0 F1,c1 F1,c2 F1,Acc,precision,c0 precision,c1 precision,c2 precision,Auc
test mean,60.7096699671176,56.74399543414297,54.97392903915769,70.41108542805215,60.94026833544178,61.15700717695298,55.38961687492748,57.113119561941225,70.96828509399023,0.7815648778220371
test std,8.075301838112876,10.220747787325998,11.766429120734202,4.286777109342175,7.926769521538161,8.466490843307971,8.648294088570296,11.512140132028101,7.34878876082136,0.05609036219861052
