,F1,Acc,precision,Auc
test mean,64.18958150502672,65.7844207735113,69.88364782812549,0.7472586635203383
test std,4.872347274720089,3.5122128940900987,8.388005743832888,0.027102927868508403
