Label,Value,Area (micro m^2),Center_X,Center_Y,Center_Z
74,0.1,25.3016,18.6099,-0.35989899999999997,12.1238
341,0.1,31.4811,17.1298,4.31241,12.0373


Area HeatMap results for mesh 1
Signal range: 13.169-60.1356 micro m^2
