,F1,c0 F1,c1 F1,c2 F1,Acc,precision,c0 precision,c1 precision,c2 precision,Auc
test mean,62.17312445979081,58.627599604854524,53.91046997800863,73.9813037965093,62.6964913881223,62.561130736057315,57.535190228430146,58.30033507711158,71.84786690263022,0.7966967191662985
test std,6.829037253046231,9.23730962446556,12.127782372574261,0.8298153362171019,6.3203329129457835,6.905172776096466,9.408795223788696,10.748313395911104,3.409633477363945,0.06381502554578276
