,F1,Acc,precision,Auc
test mean,68.64878939076789,69.20417201474206,69.18470671295762,0.7592495417722998
test std,6.209948728215083,3.894679495864369,1.31723040522509,0.018424375246408428
