,F1,c0 F1,c1 F1,c2 F1,Acc,precision,c0 precision,c1 precision,c2 precision,Auc
test mean,46.60300210269773,45.1012084799124,47.980268767837416,46.72752906034337,46.745701424248985,47.43977041266257,47.03303652580207,50.04194226826079,45.24433244392485,0.6580988828935415
test std,8.120122139540241,9.369392365816855,11.461476657037213,7.999307934486465,8.05797835995918,8.109084301309439,10.655475379646328,12.656407895110847,6.118005227158595,0.07489861908841974
