,F1,c0 F1,c1 F1,c2 F1,Acc,precision,c0 precision,c1 precision,c2 precision,Auc
test mean,45.94389871628512,48.92149263996883,39.64127189610366,49.26893161278283,46.90914716422897,46.955617092872714,47.65786855374097,45.479777312814676,47.7292054120625,0.6559341706750745
test std,7.591476202823875,5.2043964128200075,17.200831959743475,3.485919759143582,6.262764058995483,7.0012708675682465,8.385552943724116,14.938918358692733,3.6033814893594984,0.06923035946304723
