,group1,group2,training p-values,training T-stat:,validation p-values,validation T-stat:
allTopos vs bio,allTopos,bio,0.0002073379979091265,9.604901585418157,0.0015286756316077257,6.257280883115294
allTopos vs topoAndBio,allTopos,topoAndBio,4.79271138007972e-06,-25.917210387419576,0.0011774755971856953,-7.239418637356706
bio vs topoAndBio,bio,topoAndBio,5.620863814284246e-06,-21.826027806088728,5.8360827084657534e-05,-15.634745711479145
