,F1,Acc,precision,Auc
test mean,60.50973480503603,65.35842132905795,74.30698722541871,0.7617083949807993
test std,6.1791145829656795,6.229175819278892,15.604304318881898,0.09132712003057765
