,F1,Acc,precision,Auc
test mean,66.77683258066205,71.43153392207441,78.42732663331331,0.8236520955829372
test std,8.763227537064688,4.704689956831255,3.4499540992755393,0.037114720740099194
