,F1,Acc,precision,Auc
test mean,70.33056409477409,75.93505055530983,85.59321675561273,0.8898364956362662
test std,20.66067460636965,11.885710012747804,12.496082998659684,0.08045900996221488
