,F1,Acc,precision,Auc
test mean,69.47786543148085,75.89621265172737,87.66966850368226,0.8813568318409234
test std,22.31238972559548,13.49621240632506,14.618755791900123,0.08767889884634433
