,F1,Acc,precision,Auc
test mean,69.24615361391278,69.82869097748859,71.36477633949832,0.823459912026325
test std,11.406491508912005,6.350859332871556,7.961162065184046,0.029970674346515496
